GHO (CODE),GHO (DISPLAY),GHO (URL),PUBLISHSTATE (CODE),PUBLISHSTATE (DISPLAY),PUBLISHSTATE (URL),YEAR (CODE),YEAR (DISPLAY),YEAR (URL),REGION (CODE),REGION (DISPLAY),REGION (URL),COUNTRY (CODE),STARTYEAR,ENDYEAR,COUNTRY (DISPLAY),COUNTRY (URL),Display Value,Numeric,Low,High,StdErr,StdDev,Comments
#indicator+code,#indicator+name,#indicator+url,#status+code,#status+name,,,#date+year,,#region+code,#region+name,,#country+code,#date+year+start,#date+year+end,#country+name,,,#indicator+value+num,,,,,
MALARIA_IRS_COVERAGE,Number of people protected from malaria by indoor residual spraying (IRS),https://www.who.int/data/gho/indicator-metadata-registry/imr-details/2244,PUBLISHED,Published,,2018,2018,,AFR,Africa,,ZWE,2018,2018,Zimbabwe,,3 020 032,3020032.00000,,,,,
MALARIA_IRS_COVERAGE,Number of people protected from malaria by indoor residual spraying (IRS),https://www.who.int/data/gho/indicator-metadata-registry/imr-details/2244,PUBLISHED,Published,,2019,2019,,AFR,Africa,,ZWE,2019,2019,Zimbabwe,,3 164 344,3164344.00000,,,,,
MALARIA_IRS_COVERAGE,Number of people protected from malaria by indoor residual spraying (IRS),https://www.who.int/data/gho/indicator-metadata-registry/imr-details/2244,PUBLISHED,Published,,2020,2020,,AFR,Africa,,ZWE,2020,2020,Zimbabwe,,3 528 051,3528051.00000,,,,,
MALARIA_EST_CASES,Estimated number of malaria cases,https://www.who.int/data/gho/indicator-metadata-registry/imr-details/2971,PUBLISHED,Published,,2000,2000,,AFR,Africa,,ZWE,2000,2000,Zimbabwe,,1 057 512 [ 291 000-2 497 000],1057512.00000,291000.00000,2497000.00000,,,
MALARIA_EST_CASES,Estimated number of malaria cases,https://www.who.int/data/gho/indicator-metadata-registry/imr-details/2971,PUBLISHED,Published,,2001,2001,,AFR,Africa,,ZWE,2001,2001,Zimbabwe,,1 061 288 [ 281 000-2 497 000],1061288.00000,281000.00000,2497000.00000,,,
MALARIA_EST_CASES,Estimated number of malaria cases,https://www.who.int/data/gho/indicator-metadata-registry/imr-details/2971,PUBLISHED,Published,,2002,2002,,AFR,Africa,,ZWE,2002,2002,Zimbabwe,,1 063 993 [ 279 000-2 472 000],1063993.00000,279000.00000,2472000.00000,,,
MALARIA_EST_CASES,Estimated number of malaria cases,https://www.who.int/data/gho/indicator-metadata-registry/imr-details/2971,PUBLISHED,Published,,2003,2003,,AFR,Africa,,ZWE,2003,2003,Zimbabwe,,1 066 479 [ 279 000-2 532 000],1066479.00000,279000.00000,2532000.00000,,,
MALARIA_EST_CASES,Estimated number of malaria cases,https://www.who.int/data/gho/indicator-metadata-registry/imr-details/2971,PUBLISHED,Published,,2004,2004,,AFR,Africa,,ZWE,2004,2004,Zimbabwe,,1 069 833 [ 266 000-2 492 000],1069833.00000,266000.00000,2492000.00000,,,
MALARIA_EST_CASES,Estimated number of malaria cases,https://www.who.int/data/gho/indicator-metadata-registry/imr-details/2971,PUBLISHED,Published,,2005,2005,,AFR,Africa,,ZWE,2005,2005,Zimbabwe,,1 074 888 [ 273 000-2 519 000],1074888.00000,273000.00000,2519000.00000,,,
MALARIA_EST_CASES,Estimated number of malaria cases,https://www.who.int/data/gho/indicator-metadata-registry/imr-details/2971,PUBLISHED,Published,,2006,2006,,AFR,Africa,,ZWE,2006,2006,Zimbabwe,,1 081 901 [ 281 000-2 580 000],1081901.00000,281000.00000,2580000.00000,,,
MALARIA_EST_CASES,Estimated number of malaria cases,https://www.who.int/data/gho/indicator-metadata-registry/imr-details/2971,PUBLISHED,Published,,2007,2007,,AFR,Africa,,ZWE,2007,2007,Zimbabwe,,1 690 025 [ 710 000-2 951 000],1690025.00000,710000.00000,2951000.00000,,,
MALARIA_EST_CASES,Estimated number of malaria cases,https://www.who.int/data/gho/indicator-metadata-registry/imr-details/2971,PUBLISHED,Published,,2008,2008,,AFR,Africa,,ZWE,2008,2008,Zimbabwe,,728 426 [ 182 000-1 410 000],728426.00000,182000.00000,1410000.00000,,,
MALARIA_EST_CASES,Estimated number of malaria cases,https://www.who.int/data/gho/indicator-metadata-registry/imr-details/2971,PUBLISHED,Published,,2009,2009,,AFR,Africa,,ZWE,2009,2009,Zimbabwe,,889 197 [ 407 000-1 505 000],889197.00000,407000.00000,1505000.00000,,,
MALARIA_EST_CASES,Estimated number of malaria cases,https://www.who.int/data/gho/indicator-metadata-registry/imr-details/2971,PUBLISHED,Published,,2010,2010,,AFR,Africa,,ZWE,2010,2010,Zimbabwe,,1 097 776 [ 599 000-1 735 000],1097776.00000,599000.00000,1735000.00000,,,
MALARIA_EST_CASES,Estimated number of malaria cases,https://www.who.int/data/gho/indicator-metadata-registry/imr-details/2971,PUBLISHED,Published,,2011,2011,,AFR,Africa,,ZWE,2011,2011,Zimbabwe,,717 620 [ 471 000- 993 000],717620.00000,471000.00000,993000.00000,,,
MALARIA_EST_CASES,Estimated number of malaria cases,https://www.who.int/data/gho/indicator-metadata-registry/imr-details/2971,PUBLISHED,Published,,2012,2012,,AFR,Africa,,ZWE,2012,2012,Zimbabwe,,590 910 [ 406 000- 795 000],590910.00000,406000.00000,795000.00000,,,
MALARIA_EST_CASES,Estimated number of malaria cases,https://www.who.int/data/gho/indicator-metadata-registry/imr-details/2971,PUBLISHED,Published,,2013,2013,,AFR,Africa,,ZWE,2013,2013,Zimbabwe,,861 512 [ 613 000-1 126 000],861512.00000,613000.00000,1126000.00000,,,
MALARIA_EST_CASES,Estimated number of malaria cases,https://www.who.int/data/gho/indicator-metadata-registry/imr-details/2971,PUBLISHED,Published,,2014,2014,,AFR,Africa,,ZWE,2014,2014,Zimbabwe,,1 090 112 [ 805 000-1 396 000],1090112.00000,805000.00000,1396000.00000,,,
MALARIA_EST_CASES,Estimated number of malaria cases,https://www.who.int/data/gho/indicator-metadata-registry/imr-details/2971,PUBLISHED,Published,,2015,2015,,AFR,Africa,,ZWE,2015,2015,Zimbabwe,,1 061 804 [ 720 000-1 443 000],1061804.00000,720000.00000,1443000.00000,,,
MALARIA_EST_CASES,Estimated number of malaria cases,https://www.who.int/data/gho/indicator-metadata-registry/imr-details/2971,PUBLISHED,Published,,2016,2016,,AFR,Africa,,ZWE,2016,2016,Zimbabwe,,755 407 [ 498 000-1 046 000],755407.00000,498000.00000,1046000.00000,,,
MALARIA_EST_CASES,Estimated number of malaria cases,https://www.who.int/data/gho/indicator-metadata-registry/imr-details/2971,PUBLISHED,Published,,2017,2017,,AFR,Africa,,ZWE,2017,2017,Zimbabwe,,1 332 055 [ 830 000-1 909 000],1332055.00000,830000.00000,1909000.00000,,,
MALARIA_EST_CASES,Estimated number of malaria cases,https://www.who.int/data/gho/indicator-metadata-registry/imr-details/2971,PUBLISHED,Published,,2018,2018,,AFR,Africa,,ZWE,2018,2018,Zimbabwe,,634 718 [ 392 000- 899 000],634718.00000,392000.00000,899000.00000,,,
MALARIA_EST_CASES,Estimated number of malaria cases,https://www.who.int/data/gho/indicator-metadata-registry/imr-details/2971,PUBLISHED,Published,,2019,2019,,AFR,Africa,,ZWE,2019,2019,Zimbabwe,,782 740 [ 470 000-1 125 000],782740.00000,470000.00000,1125000.00000,,,
MALARIA_EST_CASES,Estimated number of malaria cases,https://www.who.int/data/gho/indicator-metadata-registry/imr-details/2971,PUBLISHED,Published,,2020,2020,,AFR,Africa,,ZWE,2020,2020,Zimbabwe,,1 152 901 [ 692 000-1 649 000],1152901.00000,692000.00000,1649000.00000,,,
MALARIA_EST_DEATHS,Estimated number of malaria deaths,https://www.who.int/data/gho/indicator-metadata-registry/imr-details/4650,PUBLISHED,Published,,2000,2000,,AFR,Africa,,ZWE,2000,2000,Zimbabwe,,2 707 [ 51- 8 330],2707.00000,51.00000,8330.00000,,,
MALARIA_EST_DEATHS,Estimated number of malaria deaths,https://www.who.int/data/gho/indicator-metadata-registry/imr-details/4650,PUBLISHED,Published,,2001,2001,,AFR,Africa,,ZWE,2001,2001,Zimbabwe,,2 716 [ 50- 8 530],2716.00000,50.00000,8530.00000,,,
MALARIA_EST_DEATHS,Estimated number of malaria deaths,https://www.who.int/data/gho/indicator-metadata-registry/imr-details/4650,PUBLISHED,Published,,2002,2002,,AFR,Africa,,ZWE,2002,2002,Zimbabwe,,2 723 [ 51- 8 280],2723.00000,51.00000,8280.00000,,,
MALARIA_EST_DEATHS,Estimated number of malaria deaths,https://www.who.int/data/gho/indicator-metadata-registry/imr-details/4650,PUBLISHED,Published,,2003,2003,,AFR,Africa,,ZWE,2003,2003,Zimbabwe,,2 730 [ 50- 8 560],2730.00000,50.00000,8560.00000,,,
MALARIA_EST_DEATHS,Estimated number of malaria deaths,https://www.who.int/data/gho/indicator-metadata-registry/imr-details/4650,PUBLISHED,Published,,2004,2004,,AFR,Africa,,ZWE,2004,2004,Zimbabwe,,2 738 [ 50- 8 510],2738.00000,50.00000,8510.00000,,,
MALARIA_EST_DEATHS,Estimated number of malaria deaths,https://www.who.int/data/gho/indicator-metadata-registry/imr-details/4650,PUBLISHED,Published,,2005,2005,,AFR,Africa,,ZWE,2005,2005,Zimbabwe,,2 751 [ 50- 8 550],2751.00000,50.00000,8550.00000,,,
MALARIA_EST_DEATHS,Estimated number of malaria deaths,https://www.who.int/data/gho/indicator-metadata-registry/imr-details/4650,PUBLISHED,Published,,2006,2006,,AFR,Africa,,ZWE,2006,2006,Zimbabwe,,2 769 [ 51- 8 540],2769.00000,51.00000,8540.00000,,,
MALARIA_EST_DEATHS,Estimated number of malaria deaths,https://www.who.int/data/gho/indicator-metadata-registry/imr-details/4650,PUBLISHED,Published,,2007,2007,,AFR,Africa,,ZWE,2007,2007,Zimbabwe,,4 326 [ 110- 10 600],4326.00000,110.00000,10600.00000,,,
MALARIA_EST_DEATHS,Estimated number of malaria deaths,https://www.who.int/data/gho/indicator-metadata-registry/imr-details/4650,PUBLISHED,Published,,2008,2008,,AFR,Africa,,ZWE,2008,2008,Zimbabwe,,1 864 [ 36- 4 960],1864.00000,36.00000,4960.00000,,,
MALARIA_EST_DEATHS,Estimated number of malaria deaths,https://www.who.int/data/gho/indicator-metadata-registry/imr-details/4650,PUBLISHED,Published,,2009,2009,,AFR,Africa,,ZWE,2009,2009,Zimbabwe,,2 276 [ 57- 5 340],2276.00000,57.00000,5340.00000,,,
MALARIA_EST_DEATHS,Estimated number of malaria deaths,https://www.who.int/data/gho/indicator-metadata-registry/imr-details/4650,PUBLISHED,Published,,2010,2010,,AFR,Africa,,ZWE,2010,2010,Zimbabwe,,2 810 [ 75- 6 240],2810.00000,75.00000,6240.00000,,,
MALARIA_EST_DEATHS,Estimated number of malaria deaths,https://www.who.int/data/gho/indicator-metadata-registry/imr-details/4650,PUBLISHED,Published,,2011,2011,,AFR,Africa,,ZWE,2011,2011,Zimbabwe,,1 837 [ 53- 3 740],1837.00000,53.00000,3740.00000,,,
MALARIA_EST_DEATHS,Estimated number of malaria deaths,https://www.who.int/data/gho/indicator-metadata-registry/imr-details/4650,PUBLISHED,Published,,2012,2012,,AFR,Africa,,ZWE,2012,2012,Zimbabwe,,1 512 [ 44- 2 980],1512.00000,44.00000,2980.00000,,,
MALARIA_EST_DEATHS,Estimated number of malaria deaths,https://www.who.int/data/gho/indicator-metadata-registry/imr-details/4650,PUBLISHED,Published,,2013,2013,,AFR,Africa,,ZWE,2013,2013,Zimbabwe,,2 205 [ 67- 4 260],2205.00000,67.00000,4260.00000,,,
MALARIA_EST_DEATHS,Estimated number of malaria deaths,https://www.who.int/data/gho/indicator-metadata-registry/imr-details/4650,PUBLISHED,Published,,2014,2014,,AFR,Africa,,ZWE,2014,2014,Zimbabwe,,2 790 [ 86- 5 310],2790.00000,86.00000,5310.00000,,,
MALARIA_EST_DEATHS,Estimated number of malaria deaths,https://www.who.int/data/gho/indicator-metadata-registry/imr-details/4650,PUBLISHED,Published,,2015,2015,,AFR,Africa,,ZWE,2015,2015,Zimbabwe,,2 718 [ 79- 5 440],2718.00000,79.00000,5440.00000,,,
MALARIA_EST_DEATHS,Estimated number of malaria deaths,https://www.who.int/data/gho/indicator-metadata-registry/imr-details/4650,PUBLISHED,Published,,2016,2016,,AFR,Africa,,ZWE,2016,2016,Zimbabwe,,1 933 [ 55- 3 910],1933.00000,55.00000,3910.00000,,,
MALARIA_EST_DEATHS,Estimated number of malaria deaths,https://www.who.int/data/gho/indicator-metadata-registry/imr-details/4650,PUBLISHED,Published,,2017,2017,,AFR,Africa,,ZWE,2017,2017,Zimbabwe,,3 410 [ 96- 7 100],3410.00000,96.00000,7100.00000,,,
MALARIA_EST_DEATHS,Estimated number of malaria deaths,https://www.who.int/data/gho/indicator-metadata-registry/imr-details/4650,PUBLISHED,Published,,2018,2018,,AFR,Africa,,ZWE,2018,2018,Zimbabwe,,1 624 [ 45- 3 350],1624.00000,45.00000,3350.00000,,,
MALARIA_EST_DEATHS,Estimated number of malaria deaths,https://www.who.int/data/gho/indicator-metadata-registry/imr-details/4650,PUBLISHED,Published,,2019,2019,,AFR,Africa,,ZWE,2019,2019,Zimbabwe,,2 003 [ 54- 4 230],2003.00000,54.00000,4230.00000,,,
MALARIA_EST_DEATHS,Estimated number of malaria deaths,https://www.who.int/data/gho/indicator-metadata-registry/imr-details/4650,PUBLISHED,Published,,2020,2020,,AFR,Africa,,ZWE,2020,2020,Zimbabwe,,2 951 [ 79- 6 220],2951.00000,79.00000,6220.00000,,,
MALARIA_EST_MORTALITY,Estimated malaria mortality rate (per 100 000 population),https://www.who.int/data/gho/indicator-metadata-registry/imr-details/16,PUBLISHED,Published,,2000,2000,,AFR,Africa,,ZWE,2000,2000,Zimbabwe,,28.9 [0.5-89.1],28.93393,0.54512,89.07898,,,
MALARIA_EST_MORTALITY,Estimated malaria mortality rate (per 100 000 population),https://www.who.int/data/gho/indicator-metadata-registry/imr-details/16,PUBLISHED,Published,,2001,2001,,AFR,Africa,,ZWE,2001,2001,Zimbabwe,,28.9 [0.5-90.8],28.92684,0.53253,90.83836,,,
MALARIA_EST_MORTALITY,Estimated malaria mortality rate (per 100 000 population),https://www.who.int/data/gho/indicator-metadata-registry/imr-details/16,PUBLISHED,Published,,2002,2002,,AFR,Africa,,ZWE,2002,2002,Zimbabwe,,28.9 [0.5-87.9],28.92767,0.54180,87.92184,,,
MALARIA_EST_MORTALITY,Estimated malaria mortality rate (per 100 000 population),https://www.who.int/data/gho/indicator-metadata-registry/imr-details/16,PUBLISHED,Published,,2003,2003,,AFR,Africa,,ZWE,2003,2003,Zimbabwe,,28.9 [0.5-90.8],28.93444,0.52993,90.75664,,,
MALARIA_EST_MORTALITY,Estimated malaria mortality rate (per 100 000 population),https://www.who.int/data/gho/indicator-metadata-registry/imr-details/16,PUBLISHED,Published,,2004,2004,,AFR,Africa,,ZWE,2004,2004,Zimbabwe,,28.9 [0.5-89.9],28.92823,0.52827,89.93585,,,
MALARIA_EST_MORTALITY,Estimated malaria mortality rate (per 100 000 population),https://www.who.int/data/gho/indicator-metadata-registry/imr-details/16,PUBLISHED,Published,,2005,2005,,AFR,Africa,,ZWE,2005,2005,Zimbabwe,,28.9 [0.5-89.9],28.92891,0.52579,89.94332,,,
MALARIA_EST_MORTALITY,Estimated malaria mortality rate (per 100 000 population),https://www.who.int/data/gho/indicator-metadata-registry/imr-details/16,PUBLISHED,Published,,2006,2006,,AFR,Africa,,ZWE,2006,2006,Zimbabwe,,28.9 [0.5-89.2],28.92944,0.53283,89.21242,,,
MALARIA_EST_MORTALITY,Estimated malaria mortality rate (per 100 000 population),https://www.who.int/data/gho/indicator-metadata-registry/imr-details/16,PUBLISHED,Published,,2007,2007,,AFR,Africa,,ZWE,2007,2007,Zimbabwe,,44.8 [1.1-109.8],44.82603,1.10873,109.75436,,,
MALARIA_EST_MORTALITY,Estimated malaria mortality rate (per 100 000 population),https://www.who.int/data/gho/indicator-metadata-registry/imr-details/16,PUBLISHED,Published,,2008,2008,,AFR,Africa,,ZWE,2008,2008,Zimbabwe,,19.1 [0.4-50.9],19.12188,0.36931,50.91330,,,
MALARIA_EST_MORTALITY,Estimated malaria mortality rate (per 100 000 population),https://www.who.int/data/gho/indicator-metadata-registry/imr-details/16,PUBLISHED,Published,,2009,2009,,AFR,Africa,,ZWE,2009,2009,Zimbabwe,,23.1 [0.6-54.2],23.07364,0.57785,54.16806,,,
MALARIA_EST_MORTALITY,Estimated malaria mortality rate (per 100 000 population),https://www.who.int/data/gho/indicator-metadata-registry/imr-details/16,PUBLISHED,Published,,2010,2010,,AFR,Africa,,ZWE,2010,2010,Zimbabwe,,28.1 [0.8-62.4],28.10412,0.75011,62.35915,,,
MALARIA_EST_MORTALITY,Estimated malaria mortality rate (per 100 000 population),https://www.who.int/data/gho/indicator-metadata-registry/imr-details/16,PUBLISHED,Published,,2011,2011,,AFR,Africa,,ZWE,2011,2011,Zimbabwe,,18.1 [0.5-36.8],18.09257,0.52200,36.83542,,,
MALARIA_EST_MORTALITY,Estimated malaria mortality rate (per 100 000 population),https://www.who.int/data/gho/indicator-metadata-registry/imr-details/16,PUBLISHED,Published,,2012,2012,,AFR,Africa,,ZWE,2012,2012,Zimbabwe,,14.6 [0.4-28.9],14.64092,0.42606,28.89475,,,
MALARIA_EST_MORTALITY,Estimated malaria mortality rate (per 100 000 population),https://www.who.int/data/gho/indicator-metadata-registry/imr-details/16,PUBLISHED,Published,,2013,2013,,AFR,Africa,,ZWE,2013,2013,Zimbabwe,,21.0 [0.6-40.5],20.97513,0.63734,40.54265,,,
MALARIA_EST_MORTALITY,Estimated malaria mortality rate (per 100 000 population),https://www.who.int/data/gho/indicator-metadata-registry/imr-details/16,PUBLISHED,Published,,2014,2014,,AFR,Africa,,ZWE,2014,2014,Zimbabwe,,26.1 [0.8-49.6],26.07832,0.80385,49.63340,,,
MALARIA_EST_MORTALITY,Estimated malaria mortality rate (per 100 000 population),https://www.who.int/data/gho/indicator-metadata-registry/imr-details/16,PUBLISHED,Published,,2015,2015,,AFR,Africa,,ZWE,2015,2015,Zimbabwe,,25.0 [0.7-50.0],24.98616,0.72623,49.97255,,,
MALARIA_EST_MORTALITY,Estimated malaria mortality rate (per 100 000 population),https://www.who.int/data/gho/indicator-metadata-registry/imr-details/16,PUBLISHED,Published,,2016,2016,,AFR,Africa,,ZWE,2016,2016,Zimbabwe,,17.5 [0.5-35.4],17.49659,0.49783,35.41860,,,
MALARIA_EST_MORTALITY,Estimated malaria mortality rate (per 100 000 population),https://www.who.int/data/gho/indicator-metadata-registry/imr-details/16,PUBLISHED,Published,,2017,2017,,AFR,Africa,,ZWE,2017,2017,Zimbabwe,,30.4 [0.9-63.3],30.41850,0.85636,63.34453,,,
MALARIA_EST_MORTALITY,Estimated malaria mortality rate (per 100 000 population),https://www.who.int/data/gho/indicator-metadata-registry/imr-details/16,PUBLISHED,Published,,2018,2018,,AFR,Africa,,ZWE,2018,2018,Zimbabwe,,14.3 [0.4-29.5],14.28382,0.39580,29.45663,,,
MALARIA_EST_MORTALITY,Estimated malaria mortality rate (per 100 000 population),https://www.who.int/data/gho/indicator-metadata-registry/imr-details/16,PUBLISHED,Published,,2019,2019,,AFR,Africa,,ZWE,2019,2019,Zimbabwe,,17.4 [0.5-36.7],17.36870,0.46804,36.65398,,,
MALARIA_EST_MORTALITY,Estimated malaria mortality rate (per 100 000 population),https://www.who.int/data/gho/indicator-metadata-registry/imr-details/16,PUBLISHED,Published,,2020,2020,,AFR,Africa,,ZWE,2020,2020,Zimbabwe,,25.2 [0.7-53.2],25.21474,0.67501,53.15582,,,
MALARIA_RDT_TEST,Number of malaria suspects examined by rapid diagnostic test (RDT),https://www.who.int/data/gho/indicator-metadata-registry/imr-details/2247,PUBLISHED,Published,,2010,2010,,AFR,Africa,,ZWE,2010,2010,Zimbabwe,,513 032,513032.00000,,,,,
MALARIA_RDT_TEST,Number of malaria suspects examined by rapid diagnostic test (RDT),https://www.who.int/data/gho/indicator-metadata-registry/imr-details/2247,PUBLISHED,Published,,2011,2011,,AFR,Africa,,ZWE,2011,2011,Zimbabwe,,470 007,470007.00000,,,,,
MALARIA_RDT_TEST,Number of malaria suspects examined by rapid diagnostic test (RDT),https://www.who.int/data/gho/indicator-metadata-registry/imr-details/2247,PUBLISHED,Published,,2012,2012,,AFR,Africa,,ZWE,2012,2012,Zimbabwe,,727 174,727174.00000,,,,,
MALARIA_RDT_TEST,Number of malaria suspects examined by rapid diagnostic test (RDT),https://www.who.int/data/gho/indicator-metadata-registry/imr-details/2247,PUBLISHED,Published,,2013,2013,,AFR,Africa,,ZWE,2013,2013,Zimbabwe,,1 115 005,1115005.00000,,,,,
MALARIA_RDT_TEST,Number of malaria suspects examined by rapid diagnostic test (RDT),https://www.who.int/data/gho/indicator-metadata-registry/imr-details/2247,PUBLISHED,Published,,2014,2014,,AFR,Africa,,ZWE,2014,2014,Zimbabwe,,1 453 689,1453689.00000,,,,,
MALARIA_RDT_TEST,Number of malaria suspects examined by rapid diagnostic test (RDT),https://www.who.int/data/gho/indicator-metadata-registry/imr-details/2247,PUBLISHED,Published,,2015,2015,,AFR,Africa,,ZWE,2015,2015,Zimbabwe,,1 638 438,1638438.00000,,,,,
MALARIA_RDT_TEST,Number of malaria suspects examined by rapid diagnostic test (RDT),https://www.who.int/data/gho/indicator-metadata-registry/imr-details/2247,PUBLISHED,Published,,2016,2016,,AFR,Africa,,ZWE,2016,2016,Zimbabwe,,1 330 069,1330069.00000,,,,,
MALARIA_RDT_TEST,Number of malaria suspects examined by rapid diagnostic test (RDT),https://www.who.int/data/gho/indicator-metadata-registry/imr-details/2247,PUBLISHED,Published,,2017,2017,,AFR,Africa,,ZWE,2017,2017,Zimbabwe,,1 533 030,1533030.00000,,,,,
MALARIA_RDT_TEST,Number of malaria suspects examined by rapid diagnostic test (RDT),https://www.who.int/data/gho/indicator-metadata-registry/imr-details/2247,PUBLISHED,Published,,2018,2018,,AFR,Africa,,ZWE,2018,2018,Zimbabwe,,1 290 621,1290621.00000,,,,,
MALARIA_RDT_TEST,Number of malaria suspects examined by rapid diagnostic test (RDT),https://www.who.int/data/gho/indicator-metadata-registry/imr-details/2247,PUBLISHED,Published,,2019,2019,,AFR,Africa,,ZWE,2019,2019,Zimbabwe,,1 297 197,1297197.00000,,,,,
MALARIA_RDT_TEST,Number of malaria suspects examined by rapid diagnostic test (RDT),https://www.who.int/data/gho/indicator-metadata-registry/imr-details/2247,PUBLISHED,Published,,2020,2020,,AFR,Africa,,ZWE,2020,2020,Zimbabwe,,1 356 433,1356433.00000,,,,,
MALARIA_RDT_POS,Number of malaria positive cases by rapid diagnostic test (RDT),https://www.who.int/data/gho/indicator-metadata-registry/imr-details/2248,PUBLISHED,Published,,2010,2010,,AFR,Africa,,ZWE,2010,2010,Zimbabwe,,249 379,249379.00000,,,,,
MALARIA_RDT_POS,Number of malaria positive cases by rapid diagnostic test (RDT),https://www.who.int/data/gho/indicator-metadata-registry/imr-details/2248,PUBLISHED,Published,,2011,2011,,AFR,Africa,,ZWE,2011,2011,Zimbabwe,,319 935,319935.00000,,,,,
MALARIA_RDT_POS,Number of malaria positive cases by rapid diagnostic test (RDT),https://www.who.int/data/gho/indicator-metadata-registry/imr-details/2248,PUBLISHED,Published,,2012,2012,,AFR,Africa,,ZWE,2012,2012,Zimbabwe,,276 963,276963.00000,,,,,
MALARIA_RDT_POS,Number of malaria positive cases by rapid diagnostic test (RDT),https://www.who.int/data/gho/indicator-metadata-registry/imr-details/2248,PUBLISHED,Published,,2013,2013,,AFR,Africa,,ZWE,2013,2013,Zimbabwe,,422 633,422633.00000,,,,,
MALARIA_RDT_POS,Number of malaria positive cases by rapid diagnostic test (RDT),https://www.who.int/data/gho/indicator-metadata-registry/imr-details/2248,PUBLISHED,Published,,2014,2014,,AFR,Africa,,ZWE,2014,2014,Zimbabwe,,548 276,548276.00000,,,,,
MALARIA_RDT_POS,Number of malaria positive cases by rapid diagnostic test (RDT),https://www.who.int/data/gho/indicator-metadata-registry/imr-details/2248,PUBLISHED,Published,,2015,2015,,AFR,Africa,,ZWE,2015,2015,Zimbabwe,,482 379,482379.00000,,,,,
MALARIA_RDT_POS,Number of malaria positive cases by rapid diagnostic test (RDT),https://www.who.int/data/gho/indicator-metadata-registry/imr-details/2248,PUBLISHED,Published,,2016,2016,,AFR,Africa,,ZWE,2016,2016,Zimbabwe,,314 003,314003.00000,,,,,
MALARIA_RDT_POS,Number of malaria positive cases by rapid diagnostic test (RDT),https://www.who.int/data/gho/indicator-metadata-registry/imr-details/2248,PUBLISHED,Published,,2017,2017,,AFR,Africa,,ZWE,2017,2017,Zimbabwe,,468 276,468276.00000,,,,,
MALARIA_RDT_POS,Number of malaria positive cases by rapid diagnostic test (RDT),https://www.who.int/data/gho/indicator-metadata-registry/imr-details/2248,PUBLISHED,Published,,2018,2018,,AFR,Africa,,ZWE,2018,2018,Zimbabwe,,264 018,264018.00000,,,,,
MALARIA_RDT_POS,Number of malaria positive cases by rapid diagnostic test (RDT),https://www.who.int/data/gho/indicator-metadata-registry/imr-details/2248,PUBLISHED,Published,,2019,2019,,AFR,Africa,,ZWE,2019,2019,Zimbabwe,,308 173,308173.00000,,,,,
MALARIA_RDT_POS,Number of malaria positive cases by rapid diagnostic test (RDT),https://www.who.int/data/gho/indicator-metadata-registry/imr-details/2248,PUBLISHED,Published,,2020,2020,,AFR,Africa,,ZWE,2020,2020,Zimbabwe,,447 381,447381.00000,,,,,
MALARIA_SUSPECTS,Number of suspected malaria cases,https://www.who.int/data/gho/indicator-metadata-registry/imr-details/4633,PUBLISHED,Published,,2010,2010,,AFR,Africa,,ZWE,2010,2010,Zimbabwe,,912 618,912618.00000,,,,,
MALARIA_SUSPECTS,Number of suspected malaria cases,https://www.who.int/data/gho/indicator-metadata-registry/imr-details/4633,PUBLISHED,Published,,2011,2011,,AFR,Africa,,ZWE,2011,2011,Zimbabwe,,480 011,480011.00000,,,,,
MALARIA_SUSPECTS,Number of suspected malaria cases,https://www.who.int/data/gho/indicator-metadata-registry/imr-details/4633,PUBLISHED,Published,,2012,2012,,AFR,Africa,,ZWE,2012,2012,Zimbabwe,,727 174,727174.00000,,,,,
MALARIA_SUSPECTS,Number of suspected malaria cases,https://www.who.int/data/gho/indicator-metadata-registry/imr-details/4633,PUBLISHED,Published,,2013,2013,,AFR,Africa,,ZWE,2013,2013,Zimbabwe,,1 115 005,1115005.00000,,,,,
MALARIA_SUSPECTS,Number of suspected malaria cases,https://www.who.int/data/gho/indicator-metadata-registry/imr-details/4633,PUBLISHED,Published,,2014,2014,,AFR,Africa,,ZWE,2014,2014,Zimbabwe,,1 478 357,1478357.00000,,,,,
MALARIA_SUSPECTS,Number of suspected malaria cases,https://www.who.int/data/gho/indicator-metadata-registry/imr-details/4633,PUBLISHED,Published,,2015,2015,,AFR,Africa,,ZWE,2015,2015,Zimbabwe,,1 638 438,1638438.00000,,,,,
MALARIA_SUSPECTS,Number of suspected malaria cases,https://www.who.int/data/gho/indicator-metadata-registry/imr-details/4633,PUBLISHED,Published,,2016,2016,,AFR,Africa,,ZWE,2016,2016,Zimbabwe,,1 400 095,1400095.00000,,,,,
MALARIA_SUSPECTS,Number of suspected malaria cases,https://www.who.int/data/gho/indicator-metadata-registry/imr-details/4633,PUBLISHED,Published,,2017,2017,,AFR,Africa,,ZWE,2017,2017,Zimbabwe,,1 831 823,1831823.00000,,,,,
MALARIA_SUSPECTS,Number of suspected malaria cases,https://www.who.int/data/gho/indicator-metadata-registry/imr-details/4633,PUBLISHED,Published,,2018,2018,,AFR,Africa,,ZWE,2018,2018,Zimbabwe,,1 293 392,1293392.00000,,,,,
MALARIA_SUSPECTS,Number of suspected malaria cases,https://www.who.int/data/gho/indicator-metadata-registry/imr-details/4633,PUBLISHED,Published,,2019,2019,,AFR,Africa,,ZWE,2019,2019,Zimbabwe,,1 324 299,1324299.00000,,,,,
MALARIA_SUSPECTS,Number of suspected malaria cases,https://www.who.int/data/gho/indicator-metadata-registry/imr-details/4633,PUBLISHED,Published,,2020,2020,,AFR,Africa,,ZWE,2020,2020,Zimbabwe,,1 389 065,1389065.00000,,,,,
MALARIA_MICR_TEST,Number of malaria suspects examined by microscopy,https://www.who.int/data/gho/indicator-metadata-registry/imr-details/4634,PUBLISHED,Published,,2011,2011,,AFR,Africa,,ZWE,2011,2011,Zimbabwe,,10 004,10004.00000,,,,,
MALARIA_MICR_TEST,Number of malaria suspects examined by microscopy,https://www.who.int/data/gho/indicator-metadata-registry/imr-details/4634,PUBLISHED,Published,,2018,2018,,AFR,Africa,,ZWE,2018,2018,Zimbabwe,,2 771,2771.00000,,,,,
MALARIA_PF_INDIG,Number of indigenous P. falciparum malaria cases,https://www.who.int/data/gho/indicator-metadata-registry/imr-details/4635,PUBLISHED,Published,,2010,2010,,AFR,Africa,,ZWE,2010,2010,Zimbabwe,,249 379,249379.00000,,,,,
MALARIA_PF_INDIG,Number of indigenous P. falciparum malaria cases,https://www.who.int/data/gho/indicator-metadata-registry/imr-details/4635,PUBLISHED,Published,,2011,2011,,AFR,Africa,,ZWE,2011,2011,Zimbabwe,,319 935,319935.00000,,,,,
MALARIA_PF_INDIG,Number of indigenous P. falciparum malaria cases,https://www.who.int/data/gho/indicator-metadata-registry/imr-details/4635,PUBLISHED,Published,,2012,2012,,AFR,Africa,,ZWE,2012,2012,Zimbabwe,,276 963,276963.00000,,,,,
MALARIA_PF_INDIG,Number of indigenous P. falciparum malaria cases,https://www.who.int/data/gho/indicator-metadata-registry/imr-details/4635,PUBLISHED,Published,,2013,2013,,AFR,Africa,,ZWE,2013,2013,Zimbabwe,,422 633,422633.00000,,,,,
MALARIA_PF_INDIG,Number of indigenous P. falciparum malaria cases,https://www.who.int/data/gho/indicator-metadata-registry/imr-details/4635,PUBLISHED,Published,,2014,2014,,AFR,Africa,,ZWE,2014,2014,Zimbabwe,,535 931,535931.00000,,,,,
MALARIA_PF_INDIG,Number of indigenous P. falciparum malaria cases,https://www.who.int/data/gho/indicator-metadata-registry/imr-details/4635,PUBLISHED,Published,,2015,2015,,AFR,Africa,,ZWE,2015,2015,Zimbabwe,,391 471,391471.00000,,,,,
MALARIA_PF_INDIG,Number of indigenous P. falciparum malaria cases,https://www.who.int/data/gho/indicator-metadata-registry/imr-details/4635,PUBLISHED,Published,,2016,2016,,AFR,Africa,,ZWE,2016,2016,Zimbabwe,,279 630,279630.00000,,,,,
MALARIA_PF_INDIG,Number of indigenous P. falciparum malaria cases,https://www.who.int/data/gho/indicator-metadata-registry/imr-details/4635,PUBLISHED,Published,,2017,2017,,AFR,Africa,,ZWE,2017,2017,Zimbabwe,,315 624,315624.00000,,,,,
MALARIA_PF_INDIG,Number of indigenous P. falciparum malaria cases,https://www.who.int/data/gho/indicator-metadata-registry/imr-details/4635,PUBLISHED,Published,,2018,2018,,AFR,Africa,,ZWE,2018,2018,Zimbabwe,,183 755,183755.00000,,,,,
MALARIA_PF_INDIG,Number of indigenous P. falciparum malaria cases,https://www.who.int/data/gho/indicator-metadata-registry/imr-details/4635,PUBLISHED,Published,,2019,2019,,AFR,Africa,,ZWE,2019,2019,Zimbabwe,,308 173,308173.00000,,,,,
MALARIA_PV_INDIG,Number of indigenous P. vivax malaria cases,https://www.who.int/data/gho/indicator-metadata-registry/imr-details/4636,PUBLISHED,Published,,2010,2010,,AFR,Africa,,ZWE,2010,2010,Zimbabwe,,0,0.00000,,,,,
MALARIA_PV_INDIG,Number of indigenous P. vivax malaria cases,https://www.who.int/data/gho/indicator-metadata-registry/imr-details/4636,PUBLISHED,Published,,2011,2011,,AFR,Africa,,ZWE,2011,2011,Zimbabwe,,0,0.00000,,,,,
MALARIA_PV_INDIG,Number of indigenous P. vivax malaria cases,https://www.who.int/data/gho/indicator-metadata-registry/imr-details/4636,PUBLISHED,Published,,2012,2012,,AFR,Africa,,ZWE,2012,2012,Zimbabwe,,0,0.00000,,,,,
MALARIA_PV_INDIG,Number of indigenous P. vivax malaria cases,https://www.who.int/data/gho/indicator-metadata-registry/imr-details/4636,PUBLISHED,Published,,2013,2013,,AFR,Africa,,ZWE,2013,2013,Zimbabwe,,0,0.00000,,,,,
MALARIA_PV_INDIG,Number of indigenous P. vivax malaria cases,https://www.who.int/data/gho/indicator-metadata-registry/imr-details/4636,PUBLISHED,Published,,2014,2014,,AFR,Africa,,ZWE,2014,2014,Zimbabwe,,0,0.00000,,,,,
MALARIA_PV_INDIG,Number of indigenous P. vivax malaria cases,https://www.who.int/data/gho/indicator-metadata-registry/imr-details/4636,PUBLISHED,Published,,2015,2015,,AFR,Africa,,ZWE,2015,2015,Zimbabwe,,0,0.00000,,,,,
MALARIA_PV_INDIG,Number of indigenous P. vivax malaria cases,https://www.who.int/data/gho/indicator-metadata-registry/imr-details/4636,PUBLISHED,Published,,2016,2016,,AFR,Africa,,ZWE,2016,2016,Zimbabwe,,0,0.00000,,,,,
MALARIA_PV_INDIG,Number of indigenous P. vivax malaria cases,https://www.who.int/data/gho/indicator-metadata-registry/imr-details/4636,PUBLISHED,Published,,2017,2017,,AFR,Africa,,ZWE,2017,2017,Zimbabwe,,0,0.00000,,,,,
MALARIA_PV_INDIG,Number of indigenous P. vivax malaria cases,https://www.who.int/data/gho/indicator-metadata-registry/imr-details/4636,PUBLISHED,Published,,2018,2018,,AFR,Africa,,ZWE,2018,2018,Zimbabwe,,0,0.00000,,,,,
MALARIA_PV_INDIG,Number of indigenous P. vivax malaria cases,https://www.who.int/data/gho/indicator-metadata-registry/imr-details/4636,PUBLISHED,Published,,2019,2019,,AFR,Africa,,ZWE,2019,2019,Zimbabwe,,0,0.00000,,,,,
MALARIA_IMPORTED,Number of imported malaria cases,https://www.who.int/data/gho/indicator-metadata-registry/imr-details/4637,PUBLISHED,Published,,2015,2015,,AFR,Africa,,ZWE,2015,2015,Zimbabwe,,180,180.00000,,,,,
MALARIA_IMPORTED,Number of imported malaria cases,https://www.who.int/data/gho/indicator-metadata-registry/imr-details/4637,PUBLISHED,Published,,2016,2016,,AFR,Africa,,ZWE,2016,2016,Zimbabwe,,358,358.00000,,,,,
MALARIA_IMPORTED,Number of imported malaria cases,https://www.who.int/data/gho/indicator-metadata-registry/imr-details/4637,PUBLISHED,Published,,2017,2017,,AFR,Africa,,ZWE,2017,2017,Zimbabwe,,768,768.00000,,,,,
MALARIA_IMPORTED,Number of imported malaria cases,https://www.who.int/data/gho/indicator-metadata-registry/imr-details/4637,PUBLISHED,Published,,2018,2018,,AFR,Africa,,ZWE,2018,2018,Zimbabwe,,672,672.00000,,,,,
MALARIA_MICR_POS,Number of malaria positive cases by microscopy,https://www.who.int/data/gho/indicator-metadata-registry/imr-details/4641,PUBLISHED,Published,,2010,2010,,AFR,Africa,,ZWE,2010,2010,Zimbabwe,,249 379,249379.00000,,,,,
MALARIA_EST_INCIDENCE,Estimated malaria incidence (per 1000 population at risk),https://www.who.int/data/gho/indicator-metadata-registry/imr-details/4670,PUBLISHED,Published,,2000,2000,,AFR,Africa,,ZWE,2000,2000,Zimbabwe,,113.0 [31.1-266.9],113.03278,31.11567,266.85643,,,
MALARIA_EST_INCIDENCE,Estimated malaria incidence (per 1000 population at risk),https://www.who.int/data/gho/indicator-metadata-registry/imr-details/4670,PUBLISHED,Published,,2001,2001,,AFR,Africa,,ZWE,2001,2001,Zimbabwe,,113.0 [29.9-265.9],113.03279,29.92398,265.93257,,,
MALARIA_EST_INCIDENCE,Estimated malaria incidence (per 1000 population at risk),https://www.who.int/data/gho/indicator-metadata-registry/imr-details/4670,PUBLISHED,Published,,2002,2002,,AFR,Africa,,ZWE,2002,2002,Zimbabwe,,113.0 [29.6-262.7],113.03282,29.59200,262.65468,,,
MALARIA_EST_INCIDENCE,Estimated malaria incidence (per 1000 population at risk),https://www.who.int/data/gho/indicator-metadata-registry/imr-details/4670,PUBLISHED,Published,,2003,2003,,AFR,Africa,,ZWE,2003,2003,Zimbabwe,,113.0 [29.5-268.4],113.03288,29.52882,268.38650,,,
MALARIA_EST_INCIDENCE,Estimated malaria incidence (per 1000 population at risk),https://www.who.int/data/gho/indicator-metadata-registry/imr-details/4670,PUBLISHED,Published,,2004,2004,,AFR,Africa,,ZWE,2004,2004,Zimbabwe,,113.0 [28.1-263.2],113.03279,28.10902,263.24403,,,
MALARIA_EST_INCIDENCE,Estimated malaria incidence (per 1000 population at risk),https://www.who.int/data/gho/indicator-metadata-registry/imr-details/4670,PUBLISHED,Published,,2005,2005,,AFR,Africa,,ZWE,2005,2005,Zimbabwe,,113.0 [28.8-264.9],113.03287,28.75070,264.89148,,,
MALARIA_EST_INCIDENCE,Estimated malaria incidence (per 1000 population at risk),https://www.who.int/data/gho/indicator-metadata-registry/imr-details/4670,PUBLISHED,Published,,2006,2006,,AFR,Africa,,ZWE,2006,2006,Zimbabwe,,113.0 [29.4-269.6],113.03282,29.39693,269.59556,,,
MALARIA_EST_INCIDENCE,Estimated malaria incidence (per 1000 population at risk),https://www.who.int/data/gho/indicator-metadata-registry/imr-details/4670,PUBLISHED,Published,,2007,2007,,AFR,Africa,,ZWE,2007,2007,Zimbabwe,,175.1 [73.5-305.8],175.12047,73.53843,305.78824,,,
MALARIA_EST_INCIDENCE,Estimated malaria incidence (per 1000 population at risk),https://www.who.int/data/gho/indicator-metadata-registry/imr-details/4670,PUBLISHED,Published,,2008,2008,,AFR,Africa,,ZWE,2008,2008,Zimbabwe,,74.7 [18.7-144.6],74.72573,18.69099,144.62942,,,
MALARIA_EST_INCIDENCE,Estimated malaria incidence (per 1000 population at risk),https://www.who.int/data/gho/indicator-metadata-registry/imr-details/4670,PUBLISHED,Published,,2009,2009,,AFR,Africa,,ZWE,2009,2009,Zimbabwe,,90.1 [41.3-152.6],90.14505,41.29628,152.57909,,,
MALARIA_EST_INCIDENCE,Estimated malaria incidence (per 1000 population at risk),https://www.who.int/data/gho/indicator-metadata-registry/imr-details/4670,PUBLISHED,Published,,2010,2010,,AFR,Africa,,ZWE,2010,2010,Zimbabwe,,109.8 [60.0-173.5],109.79371,59.95703,173.54637,,,
MALARIA_EST_INCIDENCE,Estimated malaria incidence (per 1000 population at risk),https://www.who.int/data/gho/indicator-metadata-registry/imr-details/4670,PUBLISHED,Published,,2011,2011,,AFR,Africa,,ZWE,2011,2011,Zimbabwe,,70.7 [46.4-97.8],70.67823,46.39617,97.81418,,,
MALARIA_EST_INCIDENCE,Estimated malaria incidence (per 1000 population at risk),https://www.who.int/data/gho/indicator-metadata-registry/imr-details/4670,PUBLISHED,Published,,2012,2012,,AFR,Africa,,ZWE,2012,2012,Zimbabwe,,57.2 [39.3-77.0],57.21868,39.33554,76.95040,,,
MALARIA_EST_INCIDENCE,Estimated malaria incidence (per 1000 population at risk),https://www.who.int/data/gho/indicator-metadata-registry/imr-details/4670,PUBLISHED,Published,,2013,2013,,AFR,Africa,,ZWE,2013,2013,Zimbabwe,,82.0 [58.3-107.1],81.95161,58.34251,107.13496,,,
MALARIA_EST_INCIDENCE,Estimated malaria incidence (per 1000 population at risk),https://www.who.int/data/gho/indicator-metadata-registry/imr-details/4670,PUBLISHED,Published,,2014,2014,,AFR,Africa,,ZWE,2014,2014,Zimbabwe,,101.9 [75.2-130.5],101.89351,75.22306,130.45238,,,
MALARIA_EST_INCIDENCE,Estimated malaria incidence (per 1000 population at risk),https://www.who.int/data/gho/indicator-metadata-registry/imr-details/4670,PUBLISHED,Published,,2015,2015,,AFR,Africa,,ZWE,2015,2015,Zimbabwe,,97.6 [66.2-132.6],97.61003,66.15862,132.61934,,,
MALARIA_EST_INCIDENCE,Estimated malaria incidence (per 1000 population at risk),https://www.who.int/data/gho/indicator-metadata-registry/imr-details/4670,PUBLISHED,Published,,2016,2016,,AFR,Africa,,ZWE,2016,2016,Zimbabwe,,68.4 [45.1-94.6],68.37583,45.07072,94.64321,,,
MALARIA_EST_INCIDENCE,Estimated malaria incidence (per 1000 population at risk),https://www.who.int/data/gho/indicator-metadata-registry/imr-details/4670,PUBLISHED,Published,,2017,2017,,AFR,Africa,,ZWE,2017,2017,Zimbabwe,,118.8 [74.0-170.3],118.82440,74.03597,170.27271,,,
MALARIA_EST_INCIDENCE,Estimated malaria incidence (per 1000 population at risk),https://www.who.int/data/gho/indicator-metadata-registry/imr-details/4670,PUBLISHED,Published,,2018,2018,,AFR,Africa,,ZWE,2018,2018,Zimbabwe,,55.8 [34.5-79.1],55.82633,34.47337,79.09630,,,
MALARIA_EST_INCIDENCE,Estimated malaria incidence (per 1000 population at risk),https://www.who.int/data/gho/indicator-metadata-registry/imr-details/4670,PUBLISHED,Published,,2019,2019,,AFR,Africa,,ZWE,2019,2019,Zimbabwe,,67.9 [40.7-97.5],67.87406,40.71685,97.54251,,,
MALARIA_EST_INCIDENCE,Estimated malaria incidence (per 1000 population at risk),https://www.who.int/data/gho/indicator-metadata-registry/imr-details/4670,PUBLISHED,Published,,2020,2020,,AFR,Africa,,ZWE,2020,2020,Zimbabwe,,98.5 [59.1-140.9],98.50933,59.09461,140.93800,,,
MALARIA_TOTAL_CASES,Total number of  malaria cases (presumed + confirmed cases),https://www.who.int/data/gho/indicator-metadata-registry/imr-details/2237,PUBLISHED,Published,,2010,2010,,AFR,Africa,,ZWE,2010,2010,Zimbabwe,,648 965,648965.00000,,,,,
MALARIA_TOTAL_CASES,Total number of  malaria cases (presumed + confirmed cases),https://www.who.int/data/gho/indicator-metadata-registry/imr-details/2237,PUBLISHED,Published,,2011,2011,,AFR,Africa,,ZWE,2011,2011,Zimbabwe,,319 935,319935.00000,,,,,
MALARIA_TOTAL_CASES,Total number of  malaria cases (presumed + confirmed cases),https://www.who.int/data/gho/indicator-metadata-registry/imr-details/2237,PUBLISHED,Published,,2012,2012,,AFR,Africa,,ZWE,2012,2012,Zimbabwe,,276 963,276963.00000,,,,,
MALARIA_TOTAL_CASES,Total number of  malaria cases (presumed + confirmed cases),https://www.who.int/data/gho/indicator-metadata-registry/imr-details/2237,PUBLISHED,Published,,2013,2013,,AFR,Africa,,ZWE,2013,2013,Zimbabwe,,422 633,422633.00000,,,,,
MALARIA_TOTAL_CASES,Total number of  malaria cases (presumed + confirmed cases),https://www.who.int/data/gho/indicator-metadata-registry/imr-details/2237,PUBLISHED,Published,,2014,2014,,AFR,Africa,,ZWE,2014,2014,Zimbabwe,,572 944,572944.00000,,,,,
MALARIA_TOTAL_CASES,Total number of  malaria cases (presumed + confirmed cases),https://www.who.int/data/gho/indicator-metadata-registry/imr-details/2237,PUBLISHED,Published,,2015,2015,,AFR,Africa,,ZWE,2015,2015,Zimbabwe,,482 379,482379.00000,,,,,
MALARIA_TOTAL_CASES,Total number of  malaria cases (presumed + confirmed cases),https://www.who.int/data/gho/indicator-metadata-registry/imr-details/2237,PUBLISHED,Published,,2016,2016,,AFR,Africa,,ZWE,2016,2016,Zimbabwe,,384 029,384029.00000,,,,,
MALARIA_TOTAL_CASES,Total number of  malaria cases (presumed + confirmed cases),https://www.who.int/data/gho/indicator-metadata-registry/imr-details/2237,PUBLISHED,Published,,2017,2017,,AFR,Africa,,ZWE,2017,2017,Zimbabwe,,767 069,767069.00000,,,,,
MALARIA_TOTAL_CASES,Total number of  malaria cases (presumed + confirmed cases),https://www.who.int/data/gho/indicator-metadata-registry/imr-details/2237,PUBLISHED,Published,,2018,2018,,AFR,Africa,,ZWE,2018,2018,Zimbabwe,,264 018,264018.00000,,,,,
MALARIA_TOTAL_CASES,Total number of  malaria cases (presumed + confirmed cases),https://www.who.int/data/gho/indicator-metadata-registry/imr-details/2237,PUBLISHED,Published,,2019,2019,,AFR,Africa,,ZWE,2019,2019,Zimbabwe,,308 173,308173.00000,,,,,
MALARIA_TOTAL_CASES,Total number of  malaria cases (presumed + confirmed cases),https://www.who.int/data/gho/indicator-metadata-registry/imr-details/2237,PUBLISHED,Published,,2020,2020,,AFR,Africa,,ZWE,2020,2020,Zimbabwe,,447 381,447381.00000,,,,,
MALARIA_CONF_CASES,Number of confirmed malaria cases,https://www.who.int/data/gho/indicator-metadata-registry/imr-details/50,PUBLISHED,Published,,2010,2010,,AFR,Africa,,ZWE,2010,2010,Zimbabwe,,249 379,249379.00000,,,,,
MALARIA_CONF_CASES,Number of confirmed malaria cases,https://www.who.int/data/gho/indicator-metadata-registry/imr-details/50,PUBLISHED,Published,,2011,2011,,AFR,Africa,,ZWE,2011,2011,Zimbabwe,,319 935,319935.00000,,,,,
MALARIA_CONF_CASES,Number of confirmed malaria cases,https://www.who.int/data/gho/indicator-metadata-registry/imr-details/50,PUBLISHED,Published,,2012,2012,,AFR,Africa,,ZWE,2012,2012,Zimbabwe,,276 963,276963.00000,,,,,
MALARIA_CONF_CASES,Number of confirmed malaria cases,https://www.who.int/data/gho/indicator-metadata-registry/imr-details/50,PUBLISHED,Published,,2013,2013,,AFR,Africa,,ZWE,2013,2013,Zimbabwe,,422 633,422633.00000,,,,,
MALARIA_CONF_CASES,Number of confirmed malaria cases,https://www.who.int/data/gho/indicator-metadata-registry/imr-details/50,PUBLISHED,Published,,2014,2014,,AFR,Africa,,ZWE,2014,2014,Zimbabwe,,548 276,548276.00000,,,,,
MALARIA_CONF_CASES,Number of confirmed malaria cases,https://www.who.int/data/gho/indicator-metadata-registry/imr-details/50,PUBLISHED,Published,,2015,2015,,AFR,Africa,,ZWE,2015,2015,Zimbabwe,,482 379,482379.00000,,,,,
MALARIA_CONF_CASES,Number of confirmed malaria cases,https://www.who.int/data/gho/indicator-metadata-registry/imr-details/50,PUBLISHED,Published,,2016,2016,,AFR,Africa,,ZWE,2016,2016,Zimbabwe,,314 003,314003.00000,,,,,
MALARIA_CONF_CASES,Number of confirmed malaria cases,https://www.who.int/data/gho/indicator-metadata-registry/imr-details/50,PUBLISHED,Published,,2017,2017,,AFR,Africa,,ZWE,2017,2017,Zimbabwe,,468 276,468276.00000,,,,,
MALARIA_CONF_CASES,Number of confirmed malaria cases,https://www.who.int/data/gho/indicator-metadata-registry/imr-details/50,PUBLISHED,Published,,2018,2018,,AFR,Africa,,ZWE,2018,2018,Zimbabwe,,264 018,264018.00000,,,,,
MALARIA_CONF_CASES,Number of confirmed malaria cases,https://www.who.int/data/gho/indicator-metadata-registry/imr-details/50,PUBLISHED,Published,,2019,2019,,AFR,Africa,,ZWE,2019,2019,Zimbabwe,,308 173,308173.00000,,,,,
MALARIA_CONF_CASES,Number of confirmed malaria cases,https://www.who.int/data/gho/indicator-metadata-registry/imr-details/50,PUBLISHED,Published,,2020,2020,,AFR,Africa,,ZWE,2020,2020,Zimbabwe,,447 381,447381.00000,,,,,
MALARIA_PRES_CASES,Number of presumed malaria cases,https://www.who.int/data/gho/indicator-metadata-registry/imr-details/2239,PUBLISHED,Published,,2010,2010,,AFR,Africa,,ZWE,2010,2010,Zimbabwe,,399 586,399586.00000,,,,,
MALARIA_PRES_CASES,Number of presumed malaria cases,https://www.who.int/data/gho/indicator-metadata-registry/imr-details/2239,PUBLISHED,Published,,2014,2014,,AFR,Africa,,ZWE,2014,2014,Zimbabwe,,24 668,24668.00000,,,,,
MALARIA_PRES_CASES,Number of presumed malaria cases,https://www.who.int/data/gho/indicator-metadata-registry/imr-details/2239,PUBLISHED,Published,,2016,2016,,AFR,Africa,,ZWE,2016,2016,Zimbabwe,,70 026,70026.00000,,,,,
MALARIA_PRES_CASES,Number of presumed malaria cases,https://www.who.int/data/gho/indicator-metadata-registry/imr-details/2239,PUBLISHED,Published,,2017,2017,,AFR,Africa,,ZWE,2017,2017,Zimbabwe,,298 793,298793.00000,,,,,
MALARIA_PRES_CASES,Number of presumed malaria cases,https://www.who.int/data/gho/indicator-metadata-registry/imr-details/2239,PUBLISHED,Published,,2018,2018,,AFR,Africa,,ZWE,2018,2018,Zimbabwe,,0,0.00000,,,,,
MALARIA_PRES_CASES,Number of presumed malaria cases,https://www.who.int/data/gho/indicator-metadata-registry/imr-details/2239,PUBLISHED,Published,,2019,2019,,AFR,Africa,,ZWE,2019,2019,Zimbabwe,,0,0.00000,,,,,
MALARIA_PRES_CASES,Number of presumed malaria cases,https://www.who.int/data/gho/indicator-metadata-registry/imr-details/2239,PUBLISHED,Published,,2020,2020,,AFR,Africa,,ZWE,2020,2020,Zimbabwe,,0,0.00000,,,,,
MALARIA_INDIG,Number of indigenous malaria cases,https://www.who.int/data/gho/indicator-metadata-registry/imr-details/4640,PUBLISHED,Published,,2010,2010,,AFR,Africa,,ZWE,2010,2010,Zimbabwe,,249 379,249379.00000,,,,,
MALARIA_INDIG,Number of indigenous malaria cases,https://www.who.int/data/gho/indicator-metadata-registry/imr-details/4640,PUBLISHED,Published,,2011,2011,,AFR,Africa,,ZWE,2011,2011,Zimbabwe,,319 935,319935.00000,,,,,
MALARIA_INDIG,Number of indigenous malaria cases,https://www.who.int/data/gho/indicator-metadata-registry/imr-details/4640,PUBLISHED,Published,,2012,2012,,AFR,Africa,,ZWE,2012,2012,Zimbabwe,,276 963,276963.00000,,,,,
MALARIA_INDIG,Number of indigenous malaria cases,https://www.who.int/data/gho/indicator-metadata-registry/imr-details/4640,PUBLISHED,Published,,2013,2013,,AFR,Africa,,ZWE,2013,2013,Zimbabwe,,422 633,422633.00000,,,,,
MALARIA_INDIG,Number of indigenous malaria cases,https://www.who.int/data/gho/indicator-metadata-registry/imr-details/4640,PUBLISHED,Published,,2014,2014,,AFR,Africa,,ZWE,2014,2014,Zimbabwe,,548 276,548276.00000,,,,,
MALARIA_INDIG,Number of indigenous malaria cases,https://www.who.int/data/gho/indicator-metadata-registry/imr-details/4640,PUBLISHED,Published,,2015,2015,,AFR,Africa,,ZWE,2015,2015,Zimbabwe,,482 199,482199.00000,,,,,
MALARIA_INDIG,Number of indigenous malaria cases,https://www.who.int/data/gho/indicator-metadata-registry/imr-details/4640,PUBLISHED,Published,,2016,2016,,AFR,Africa,,ZWE,2016,2016,Zimbabwe,,313 645,313645.00000,,,,,
MALARIA_INDIG,Number of indigenous malaria cases,https://www.who.int/data/gho/indicator-metadata-registry/imr-details/4640,PUBLISHED,Published,,2017,2017,,AFR,Africa,,ZWE,2017,2017,Zimbabwe,,467 508,467508.00000,,,,,
MALARIA_INDIG,Number of indigenous malaria cases,https://www.who.int/data/gho/indicator-metadata-registry/imr-details/4640,PUBLISHED,Published,,2018,2018,,AFR,Africa,,ZWE,2018,2018,Zimbabwe,,263 346,263346.00000,,,,,
MALARIA_INDIG,Number of indigenous malaria cases,https://www.who.int/data/gho/indicator-metadata-registry/imr-details/4640,PUBLISHED,Published,,2019,2019,,AFR,Africa,,ZWE,2019,2019,Zimbabwe,,308 173,308173.00000,,,,,
MALARIA_INDIG,Number of indigenous malaria cases,https://www.who.int/data/gho/indicator-metadata-registry/imr-details/4640,PUBLISHED,Published,,2020,2020,,AFR,Africa,,ZWE,2020,2020,Zimbabwe,,447 381,447381.00000,,,,,
MALARIA_ITN_COVERAGE,"Population with access to an insecticide-treated bed net (ITN) for malaria protection (%), modelled",https://www.who.int/data/gho/indicator-metadata-registry/imr-details/2241,PUBLISHED,Published,,2018,2018,,AFR,Africa,,ZWE,2018,2018,Zimbabwe,,36.8,36.80000,,,,,
MALARIA_ITN_COVERAGE,"Population with access to an insecticide-treated bed net (ITN) for malaria protection (%), modelled",https://www.who.int/data/gho/indicator-metadata-registry/imr-details/2241,PUBLISHED,Published,,2019,2019,,AFR,Africa,,ZWE,2019,2019,Zimbabwe,,37.3,37.30000,,,,,
MALARIA_ITN_COVERAGE,"Population with access to an insecticide-treated bed net (ITN) for malaria protection (%), modelled",https://www.who.int/data/gho/indicator-metadata-registry/imr-details/2241,PUBLISHED,Published,,2020,2020,,AFR,Africa,,ZWE,2020,2020,Zimbabwe,,37.5,37.50000,,,,,
MALARIA_1STLINE_TREATED,Number of malaria cases treated with any first  line tx courses (including artemisinin-based combination therapies (ACTs)),https://www.who.int/data/gho/indicator-metadata-registry/imr-details/3549,PUBLISHED,Published,,2019,2019,,AFR,Africa,,ZWE,2019,2019,Zimbabwe,,304 309,304309.00000,,,,,
MALARIA_1STLINE_TREATED,Number of malaria cases treated with any first  line tx courses (including artemisinin-based combination therapies (ACTs)),https://www.who.int/data/gho/indicator-metadata-registry/imr-details/3549,PUBLISHED,Published,,2020,2020,,AFR,Africa,,ZWE,2020,2020,Zimbabwe,,443 164,443164.00000,,,,,
MALARIA_1STLINE_TREATED,Number of malaria cases treated with any first  line tx courses (including artemisinin-based combination therapies (ACTs)),https://www.who.int/data/gho/indicator-metadata-registry/imr-details/3549,PUBLISHED,Published,,2018,2018,,AFR,Africa,,ZWE,2018,2018,Zimbabwe,,76 551,76551.00000,,,,,
MALARIA_ACT_TREATED,Number of malaria cases treated with artemisinin-based combination therapies (ACTs),https://www.who.int/data/gho/indicator-metadata-registry/imr-details/3548,PUBLISHED,Published,,2019,2019,,AFR,Africa,,ZWE,2019,2019,Zimbabwe,,304 309,304309.00000,,,,,
MALARIA_ACT_TREATED,Number of malaria cases treated with artemisinin-based combination therapies (ACTs),https://www.who.int/data/gho/indicator-metadata-registry/imr-details/3548,PUBLISHED,Published,,2020,2020,,AFR,Africa,,ZWE,2020,2020,Zimbabwe,,443 164,443164.00000,,,,,
MALARIA_ACT_TREATED,Number of malaria cases treated with artemisinin-based combination therapies (ACTs),https://www.who.int/data/gho/indicator-metadata-registry/imr-details/3548,PUBLISHED,Published,,2018,2018,,AFR,Africa,,ZWE,2018,2018,Zimbabwe,,76 551,76551.00000,,,,,
MALARIA_INDIG_STATUS,Status of indigenous malaria cases,https://www.who.int/data/gho/indicator-metadata-registry/imr-details/4640,PUBLISHED,Published,,2020,2020,,AFR,Africa,,ZWE,2020,2020,Zimbabwe,,One or more indigenous cases in 2020,,,,,,
MALARIA_IPTP3_COVERAGE,Pregnant women attending antenatal care  at least once and receiving at least 3 doses of Intermittent Preventive Treatment of Malaria for Pregnant Women (IPTp3) (%),https://www.who.int/data/gho/indicator-metadata-registry/imr-details/2851,PUBLISHED,Published,,2020,2020,,AFR,Africa,,ZWE,2020,2020,Zimbabwe,,19.8,0.19769,,,,,
MALARIA_IPTP3_COVERAGE,Pregnant women attending antenatal care  at least once and receiving at least 3 doses of Intermittent Preventive Treatment of Malaria for Pregnant Women (IPTp3) (%),https://www.who.int/data/gho/indicator-metadata-registry/imr-details/2851,PUBLISHED,Published,,2019,2019,,AFR,Africa,,ZWE,2019,2019,Zimbabwe,,22.0,0.21965,,,,,
MALARIA_IPTP3_COVERAGE,Pregnant women attending antenatal care  at least once and receiving at least 3 doses of Intermittent Preventive Treatment of Malaria for Pregnant Women (IPTp3) (%),https://www.who.int/data/gho/indicator-metadata-registry/imr-details/2851,PUBLISHED,Published,,2018,2018,,AFR,Africa,,ZWE,2018,2018,Zimbabwe,,20.2,0.20218,,,,,
MALARIA_IPTP3_COVERAGE,Pregnant women attending antenatal care  at least once and receiving at least 3 doses of Intermittent Preventive Treatment of Malaria for Pregnant Women (IPTp3) (%),https://www.who.int/data/gho/indicator-metadata-registry/imr-details/2851,PUBLISHED,Published,,2017,2017,,AFR,Africa,,ZWE,2017,2017,Zimbabwe,,22.8,0.22758,,,,,
MALARIA_IPTP3_COVERAGE,Pregnant women attending antenatal care  at least once and receiving at least 3 doses of Intermittent Preventive Treatment of Malaria for Pregnant Women (IPTp3) (%),https://www.who.int/data/gho/indicator-metadata-registry/imr-details/2851,PUBLISHED,Published,,2016,2016,,AFR,Africa,,ZWE,2016,2016,Zimbabwe,,26.1,0.26073,,,,,
MALARIA_IPTP3_COVERAGE,Pregnant women attending antenatal care  at least once and receiving at least 3 doses of Intermittent Preventive Treatment of Malaria for Pregnant Women (IPTp3) (%),https://www.who.int/data/gho/indicator-metadata-registry/imr-details/2851,PUBLISHED,Published,,2015,2015,,AFR,Africa,,ZWE,2015,2015,Zimbabwe,,22.2,0.22181,,,,,
MALARIA_IPTP3_COVERAGE,Pregnant women attending antenatal care  at least once and receiving at least 3 doses of Intermittent Preventive Treatment of Malaria for Pregnant Women (IPTp3) (%),https://www.who.int/data/gho/indicator-metadata-registry/imr-details/2851,PUBLISHED,Published,,2014,2014,,AFR,Africa,,ZWE,2014,2014,Zimbabwe,,30.6,0.30551,,,,,
MALARIA_IPTP3_COVERAGE,Pregnant women attending antenatal care  at least once and receiving at least 3 doses of Intermittent Preventive Treatment of Malaria for Pregnant Women (IPTp3) (%),https://www.who.int/data/gho/indicator-metadata-registry/imr-details/2851,PUBLISHED,Published,,2013,2013,,AFR,Africa,,ZWE,2013,2013,Zimbabwe,,14.3,0.14295,,,,,
MALARIA_IPTP3_COVERAGE,Pregnant women attending antenatal care  at least once and receiving at least 3 doses of Intermittent Preventive Treatment of Malaria for Pregnant Women (IPTp3) (%),https://www.who.int/data/gho/indicator-metadata-registry/imr-details/2851,PUBLISHED,Published,,2012,2012,,AFR,Africa,,ZWE,2012,2012,Zimbabwe,,1.8,0.01832,,,,,
MALARIA_IPTP3_COVERAGE,Pregnant women attending antenatal care  at least once and receiving at least 3 doses of Intermittent Preventive Treatment of Malaria for Pregnant Women (IPTp3) (%),https://www.who.int/data/gho/indicator-metadata-registry/imr-details/2851,PUBLISHED,Published,,2011,2011,,AFR,Africa,,ZWE,2011,2011,Zimbabwe,,0,0.00000,,,,,
MALARIA_IPTP3_COVERAGE,Pregnant women attending antenatal care  at least once and receiving at least 3 doses of Intermittent Preventive Treatment of Malaria for Pregnant Women (IPTp3) (%),https://www.who.int/data/gho/indicator-metadata-registry/imr-details/2851,PUBLISHED,Published,,2010,2010,,AFR,Africa,,ZWE,2010,2010,Zimbabwe,,0,0.00000,,,,,
